[
  {
    "model": "home.index",
    "pk": 1,
    "fields": {
      "slider_image": "images/hero.jpg",
      "slider_u_title": "The Best",
      "slider_l_title": "Medical Services",
      "slider_description": "Lorem ipsum dolor sit amet, cons ectetur adipiscing elit. Donec males uada lorem maximus mauris sceler isque, at rutrum nulla."
    }
  },
  {
    "model": "home.index",
    "pk": 2,
    "fields": {
      "slider_image": "images/hero_E1kelXi.jpg",
      "slider_u_title": "The Best",
      "slider_l_title": "Medical Services",
      "slider_description": "Lorem ipsum dolor sit amet, cons ectetur adipiscing elit. Donec males uada lorem maximus mauris sceler isque, at rutrum nulla."
    }
  },
  {
    "model": "home.index",
    "pk": 3,
    "fields": {
      "slider_image": "images/hero_nMiTYAe.jpg",
      "slider_u_title": "The Best",
      "slider_l_title": "Medical Services",
      "slider_description": "Lorem ipsum dolor sit amet, cons ectetur adipiscing elit. Donec males uada lorem maximus mauris sceler isque, at rutrum nulla."
    }
  },
  {
    "model": "home.opening_hour",
    "pk": 1,
    "fields": {
      "day_open": "Monday - Thursday",
      "time_open": "8.00 - 19.00"
    }
  },
  {
    "model": "home.opening_hour",
    "pk": 2,
    "fields": {
      "day_open": "Friday",
      "time_open": "8.00 - 18.30"
    }
  },
  {
    "model": "home.opening_hour",
    "pk": 3,
    "fields": {
      "day_open": "Saturday",
      "time_open": "9.30 - 17.00"
    }
  },
  {
    "model": "home.opening_hour",
    "pk": 4,
    "fields": {
      "day_open": "Sunday",
      "time_open": "9.30 - 15.00"
    }
  },
  {
    "model": "home.emergency",
    "pk": 1,
    "fields": {
      "emer_num": "+34 586 778 8892",
      "emer_descrip": "Lorem ipsum dolor sit amet, cons ectetur adipiscing elit. Donec males uada lorem maximus mauris sceler isque, at rutrum nulla."
    }
  },
  {
    "model": "home.our_department",
    "pk": 1,
    "fields": {
      "dep_name": "Cardiology",
      "dep_description": "Lorem ipsum dolor sit amet, consectetur adipiscing elit. Donec malesuada lorem maximus mauris.",
      "dep_image": "images/cardiogram.png"
    }
  },
  {
    "model": "home.our_department",
    "pk": 2,
    "fields": {
      "dep_name": "Gastroenterology",
      "dep_description": "Donec malesuada lorem maximus mauris scelerisque, at rutrum nulla dictum. Ut ac ligula sapien.",
      "dep_image": "images/stomach-2.png"
    }
  },
  {
    "model": "home.our_department",
    "pk": 3,
    "fields": {
      "dep_name": "Medical Lab",
      "dep_description": "Lorem maximus mauris scelerisque, at rutrum nulla dictum. Ut ac ligula sapien. Suspendisse cursus.",
      "dep_image": "images/blood-sample-2.png"
    }
  },
  {
    "model": "home.our_department",
    "pk": 4,
    "fields": {
      "dep_name": "Dental Care",
      "dep_description": "Donec malesuada lorem maximus mauris scelerisque, at rutrum nulla dictum. Ut ac ligula sapien.",
      "dep_image": "images/teeth.png"
    }
  },
  {
    "model": "home.our_department",
    "pk": 5,
    "fields": {
      "dep_name": "Surgery",
      "dep_description": "Lorem maximus mauris scelerisque, at rutrum nulla dictum. Ut ac ligula sapien. Suspendisse cursus.",
      "dep_image": "images/stretcher.png"
    }
  },
  {
    "model": "home.our_department",
    "pk": 6,
    "fields": {
      "dep_name": "Neurology",
      "dep_description": "Donec malesuada lorem maximus mauris scelerisque, at rutrum nulla dictum. Ut ac ligula sapien.",
      "dep_image": "images/scanner.png"
    }
  },
  {
    "model": "home.our_department",
    "pk": 7,
    "fields": {
      "dep_name": "Orthopaedy",
      "dep_description": "Lorem maximus mauris scelerisque, at rutrum nulla dictum. Ut ac ligula sapien. Suspendisse cursus.",
      "dep_image": "images/bones.png"
    }
  },
  {
    "model": "home.our_department",
    "pk": 8,
    "fields": {
      "dep_name": "Pediatry",
      "dep_description": "Donec malesuada lorem maximus mauris scelerisque, at rutrum nulla dictum. Ut ac ligula sapien.",
      "dep_image": "images/blood-donation-2.png"
    }
  },
  {
    "model": "home.our_department",
    "pk": 9,
    "fields": {
      "dep_name": "Ophthalmology",
      "dep_description": "Lorem maximus mauris scelerisque, at rutrum nulla dictum. Ut ac ligula sapien. Suspendisse cursus.",
      "dep_image": "images/glasses.png"
    }
  },
  {
    "model": "home.patient_testimonial",
    "pk": 1,
    "fields": {
      "pat_description": "Lorem ipsum dolor sit amet, cons ectetur adipiscing elit. Donec males uada lorem maximus mauris sceler isque, at rutrum nulla.",
      "pat_image": "images/user-1.jpg",
      "pat_name": "Nina Dobrev",
      "pat_address": "University in UK"
    }
  },
  {
    "model": "home.the_new",
    "pk": 1,
    "fields": {
      "new_image": "images/news-1.png",
      "new_title": "The latest in Medicine",
      "new_date": "April 12, 2018",
      "new_by_name": "Dr. Jake Williams",
      "new_description": "Lorem ipsum dolor sit amet, consectetur adipiscing elit. Donec malesuada lorem maximus mauris scelerisque, at rutrum nulla dictum. Ut ac ligula sapien. Suspendisse cursus faucibus finibus.",
      "new_no_comments": "2"
    }
  },
  {
    "model": "home.the_new",
    "pk": 2,
    "fields": {
      "new_image": "images/news-2_XwSvDax.png",
      "new_title": "All you need to know about pills",
      "new_date": "April 12, 2018",
      "new_by_name": "Dr. Jake Williams",
      "new_description": "Lorem ipsum dolor sit amet, consectetur adipiscing elit. Donec malesuada lorem maximus mauris scelerisque, at rutrum nulla dictum. Ut ac ligula sapien. Suspendisse cursus faucibus finibus.",
      "new_no_comments": "2"
    }
  },
  {
    "model": "home.news_subs",
    "pk": 26,
    "fields": {
      "news_email": "medart402@gmail.com",
      "news_date": "2019-05-06T07:14:09.911Z"
    }
  },
  {
    "model": "home.news_subs",
    "pk": 27,
    "fields": {
      "news_email": "samuyu@simpleemail.info",
      "news_date": "2019-05-06T07:14:35.396Z"
    }
  },
  {
    "model": "home.appoint_depart",
    "pk": 1,
    "fields": {
      "dep_name": "Cardiology"
    }
  },
  {
    "model": "home.appoint_depart",
    "pk": 2,
    "fields": {
      "dep_name": "Dental Care"
    }
  },
  {
    "model": "home.appoint_depart",
    "pk": 3,
    "fields": {
      "dep_name": "Gastroenterology"
    }
  },
  {
    "model": "home.appoint_depart",
    "pk": 4,
    "fields": {
      "dep_name": "Medical Lab"
    }
  },
  {
    "model": "home.appoint_depart",
    "pk": 5,
    "fields": {
      "dep_name": "Neurology"
    }
  },
  {
    "model": "home.appoint_depart",
    "pk": 6,
    "fields": {
      "dep_name": "Ophthalmology"
    }
  },
  {
    "model": "home.appoint_doctor",
    "pk": 2,
    "fields": {
      "doctor_name": "Dr. Anna Gustav"
    }
  },
  {
    "model": "home.appoint_doctor",
    "pk": 3,
    "fields": {
      "doctor_name": "Dr. Christinne Smith"
    }
  },
  {
    "model": "home.appoint_doctor",
    "pk": 4,
    "fields": {
      "doctor_name": "Dr. Gina James"
    }
  },
  {
    "model": "home.appoint_doctor",
    "pk": 5,
    "fields": {
      "doctor_name": "Dr. Phillip Williams"
    }
  },
  {
    "model": "home.appointments",
    "pk": 7,
    "fields": {
      "department": 1,
      "doctor": 2,
      "patient_name": "",
      "phone_number": ""
    }
  },
  {
    "model": "home.appointments",
    "pk": 8,
    "fields": {
      "department": 3,
      "doctor": 4,
      "patient_name": "sdsd",
      "phone_number": "23232313"
    }
  },
  {
    "model": "home.appointments",
    "pk": 9,
    "fields": {
      "department": 3,
      "doctor": 4,
      "patient_name": "sdsd",
      "phone_number": "23232313"
    }
  },
  {
    "model": "home.appointments",
    "pk": 10,
    "fields": {
      "department": 3,
      "doctor": 4,
      "patient_name": "sdsd",
      "phone_number": "23232313"
    }
  },
  {
    "model": "home.appointments",
    "pk": 11,
    "fields": {
      "department": 3,
      "doctor": 4,
      "patient_name": "sdsd",
      "phone_number": "23232313"
    }
  },
  {
    "model": "home.appointments",
    "pk": 12,
    "fields": {
      "department": 1,
      "doctor": 2,
      "patient_name": "Ali Adil",
      "phone_number": "03475467325"
    }
  },
  {
    "model": "home.appointments",
    "pk": 13,
    "fields": {
      "department": 1,
      "doctor": 2,
      "patient_name": "Ali Adil",
      "phone_number": "03475467325"
    }
  },
  {
    "model": "home.appointments",
    "pk": 14,
    "fields": {
      "department": 1,
      "doctor": 2,
      "patient_name": "Ali Adil",
      "phone_number": "03475467325"
    }
  },
  {
    "model": "home.appointments",
    "pk": 15,
    "fields": {
      "department": 1,
      "doctor": 2,
      "patient_name": "Ali Adil",
      "phone_number": "03475467325"
    }
  },
  {
    "model": "home.appointments",
    "pk": 16,
    "fields": {
      "department": 1,
      "doctor": 2,
      "patient_name": "Ali Adil",
      "phone_number": "03475467325"
    }
  },
  {
    "model": "home.appointments",
    "pk": 17,
    "fields": {
      "department": 1,
      "doctor": 2,
      "patient_name": "Ali Adil",
      "phone_number": "03475467325"
    }
  },
  {
    "model": "home.appointments",
    "pk": 18,
    "fields": {
      "department": 1,
      "doctor": 2,
      "patient_name": "Ali Adil",
      "phone_number": "03475467325"
    }
  },
  {
    "model": "home.appointments",
    "pk": 19,
    "fields": {
      "department": 1,
      "doctor": 2,
      "patient_name": "Ali Adil",
      "phone_number": "03475467325"
    }
  },
  {
    "model": "home.appointments",
    "pk": 20,
    "fields": {
      "department": 1,
      "doctor": 2,
      "patient_name": "Ali Adil",
      "phone_number": "03475467325"
    }
  },
  {
    "model": "home.appointments",
    "pk": 21,
    "fields": {
      "department": 1,
      "doctor": 2,
      "patient_name": "Ali Adil",
      "phone_number": "03475467325"
    }
  },
  {
    "model": "home.aboutbackimage",
    "pk": 2,
    "fields": {
      "image": "images/about-bg_pAQbDqf.png"
    }
  },
  {
    "model": "home.medarthistory",
    "pk": 1,
    "fields": {
      "title": "MedArt History",
      "description": "Lorem ipsum dolor sit amet, consectetur adipiscing elit. Donec malesuada lorem maximus mauris scelerisque, at rutrum nulla dictum. Ut ac ligula sapien. Suspendisse cursus faucibus finibus. Curabitur ut augue finibus, luctus tortor at, ornare erat. Nulla facilisi. Sed est risus, laoreet et quam non, viverra accumsan leo. Lorem ipsum dolor sit amet, consectetur adipiscing elit. Donec malesuada lorem maximus mauris scelerisque, at rutrum nulla dictum. Ut ac ligula sapien. Suspendisse cursus faucibus finibus. Curabitur ut augue finibus, luctus tortor at, ornare erat.",
      "image": "images/about.jpg"
    }
  },
  {
    "model": "home.faqandstuff",
    "pk": 1,
    "fields": {
      "title": "Elit mir congue ligula et efficitur pellentesqu",
      "description": "Lorem ipsum dolor sit amet, consectetur adipiscing elit. Donec malesuada lorem maximus mauris. Lorem ipsum dolor sit amet, consectetur adipiscing elit. Donec malesuada lorem maximus mauris."
    }
  },
  {
    "model": "home.faqandstuff",
    "pk": 2,
    "fields": {
      "title": "Pulvinar elit mi. Integer congue ligula et efficitur",
      "description": "Lorem ipsum dolor sit amet, consectetur adipiscing elit. Donec malesuada lorem maximus mauris. Lorem ipsum dolor sit amet, consectetur adipiscing elit. Donec malesuada lorem maximus mauris."
    }
  },
  {
    "model": "home.faqandstuff",
    "pk": 3,
    "fields": {
      "title": "Pellentesque pulvinar elit mi. Integer congue",
      "description": "Lorem ipsum dolor sit amet, consectetur adipiscing elit. Donec malesuada lorem maximus mauris. Lorem ipsum dolor sit amet, consectetur adipiscing elit. Donec malesuada lorem maximus mauris."
    }
  },
  {
    "model": "home.faqproqlt",
    "pk": 1,
    "fields": {
      "title": "Professional",
      "description": "Lorem ipsum dolor sit amet, cons ectetur adipiscing elit. Donec males uada lorem.",
      "image": "images/cardiogram-2.png"
    }
  },
  {
    "model": "home.faqproqlt",
    "pk": 2,
    "fields": {
      "title": "Quality",
      "description": "Lorem ipsum dolor sit amet, cons ectetur adipiscing elit. Donec males uada lorem.",
      "image": "images/hospital.png"
    }
  },
  {
    "model": "home.medicalteam",
    "pk": 1,
    "fields": {
      "image": "images/team-1.jpg",
      "title": "Christinne Smith",
      "qualification": "PHD Surgeon"
    }
  },
  {
    "model": "home.medicalteam",
    "pk": 2,
    "fields": {
      "image": "images/team-2.jpg",
      "title": "Anna Gustav",
      "qualification": "PHD Surgeon"
    }
  },
  {
    "model": "home.medicalteam",
    "pk": 3,
    "fields": {
      "image": "images/team-3.jpg",
      "title": "Phillip Williams",
      "qualification": "PHD Surgeon"
    }
  },
  {
    "model": "home.medicalteam",
    "pk": 4,
    "fields": {
      "image": "images/team-4.jpg",
      "title": "Gina James",
      "qualification": "PHD Surgeon"
    }
  },
  {
    "model": "home.servicebackimage",
    "pk": 1,
    "fields": {
      "image": "images/service-bg.png"
    }
  },
  {
    "model": "home.topqualityservice",
    "pk": 1,
    "fields": {
      "description": "Lorem ipsum dolor sit amet, consectetur adipiscing elit. Donec malesuada lorem ma ximus mauris scelerisque, at rutrum nulla dictum. Ut ac ligula sapien. Suspendisse cursus faucibus finibus. Curabitur ut augue finibus, luctus tortor at, ornare erat. Nulla facilisi. Sed est risus, laoreet et quam non, malesuada viverra accumsan leo."
    }
  },
  {
    "model": "home.topqualityservice",
    "pk": 2,
    "fields": {
      "description": "Amet, consectetur adipiscing elit. Donec malesuada lorem maximus mauris scelerisque, at rutrum nulla dictum. Ut ac ligula sapien. Suspendisse cursus faucibus finibus. Curabitur ut augue finibus, luctus tortor at, ornare erat. Nulla facilisi. Sed est risus, laoreet et quam non, viverra accumsan leo."
    }
  },
  {
    "model": "home.servicestabs",
    "pk": 1,
    "fields": {
      "title": "Pellentesque pulvinar",
      "tab_title": "Scelerisque, at rutrum nulla dictum. Ut ac ligula sapien.",
      "image": "images/element-thumb_zAmmsax.jpg",
      "description": "Amet, consectetur adipiscing elit. Donec malesuada lorem maximus mauris scelerisque, at rutrum nulla dictum. Ut ac ligula sapien. Suspendisse cursus faucibus finibus. Curabitur ut augue finibus, luctus tortor at, ornare erat. Nulla facilisi. Sed est risus, laoreet et quam non, viverra accumsan leo. Amet, consectetur adipiscing elit. Donec malesuada lorem maximus mauris scelerisque, at rutrum nulla dictum. Ut ac ligula sapien. Suspendisse cursus faucibus finibus"
    }
  },
  {
    "model": "home.servicestabs",
    "pk": 2,
    "fields": {
      "title": "Pellentesque lacinia",
      "tab_title": "Scelerisque, at rutrum nulla dictum. Ut ac ligula sapien.",
      "image": "images/element-thumb_yXnReF1.jpg",
      "description": "Amet, consectetur adipiscing elit. Donec malesuada lorem maximus mauris scelerisque, at rutrum nulla dictum. Ut ac ligula sapien. Suspendisse cursus faucibus finibus. Curabitur ut augue finibus, luctus tortor at, ornare erat. Nulla facilisi. Sed est risus, laoreet et quam non, viverra accumsan leo. Amet, consectetur adipiscing elit. Donec malesuada lorem maximus mauris scelerisque, at rutrum nulla dictum. Ut ac ligula sapien. Suspendisse cursus faucibus finibus"
    }
  },
  {
    "model": "home.servicestabs",
    "pk": 3,
    "fields": {
      "title": "Consectetur diam",
      "tab_title": "Scelerisque, at rutrum nulla dictum. Ut ac ligula sapien.",
      "image": "images/element-thumb_loiTdmU.jpg",
      "description": "Amet, consectetur adipiscing elit. Donec malesuada lorem maximus mauris scelerisque, at rutrum nulla dictum. Ut ac ligula sapien. Suspendisse cursus faucibus finibus. Curabitur ut augue finibus, luctus tortor at, ornare erat. Nulla facilisi. Sed est risus, laoreet et quam non, viverra accumsan leo. Amet, consectetur adipiscing elit. Donec malesuada lorem maximus mauris scelerisque, at rutrum nulla dictum. Ut ac ligula sapien. Suspendisse cursus faucibus finibus"
    }
  },
  {
    "model": "home.servicestabs",
    "pk": 4,
    "fields": {
      "title": "CMauris tortor",
      "tab_title": "Scelerisque, at rutrum nulla dictum. Ut ac ligula sapien.",
      "image": "images/element-thumb_UttnyW3.jpg",
      "description": "Amet, consectetur adipiscing elit. Donec malesuada lorem maximus mauris scelerisque, at rutrum nulla dictum. Ut ac ligula sapien. Suspendisse cursus faucibus finibus. Curabitur ut augue finibus, luctus tortor at, ornare erat. Nulla facilisi. Sed est risus, laoreet et quam non, viverra accumsan leo. Amet, consectetur adipiscing elit. Donec malesuada lorem maximus mauris scelerisque, at rutrum nulla dictum. Ut ac ligula sapien. Suspendisse cursus faucibus finibus"
    }
  },
  {
    "model": "home.servicestabs",
    "pk": 5,
    "fields": {
      "title": "Phasellus sit amet",
      "tab_title": "Scelerisque, at rutrum nulla dictum. Ut ac ligula sapien.",
      "image": "images/element-thumb_zV65tXr.jpg",
      "description": "Amet, consectetur adipiscing elit. Donec malesuada lorem maximus mauris scelerisque, at rutrum nulla dictum. Ut ac ligula sapien. Suspendisse cursus faucibus finibus. Curabitur ut augue finibus, luctus tortor at, ornare erat. Nulla facilisi. Sed est risus, laoreet et quam non, viverra accumsan leo. Amet, consectetur adipiscing elit. Donec malesuada lorem maximus mauris scelerisque, at rutrum nulla dictum. Ut ac ligula sapien. Suspendisse cursus faucibus finibus"
    }
  },
  {
    "model": "home.contactblock",
    "pk": 1,
    "fields": {
      "address": "Mitlton Str. 26-27 London UK",
      "phone": "+53 345 7953 32453",
      "email": "yourmail@gmail.com"
    }
  },
  {
    "model": "home.contactform",
    "pk": 17,
    "fields": {
      "name": "Abubakar",
      "email": "medart402@gmail.com",
      "subject": "Just Testing",
      "message": "This is testing phase"
    }
  },
  {
    "model": "home.contactform",
    "pk": 18,
    "fields": {
      "name": "Abubakar",
      "email": "medart402@gmail.com",
      "subject": "Just Testing",
      "message": "This is testing phase"
    }
  },
  {
    "model": "home.contactform",
    "pk": 19,
    "fields": {
      "name": "Abubakar",
      "email": "medart402@gmail.com",
      "subject": "Just Testing",
      "message": "This is testing phase"
    }
  },
  {
    "model": "home.contactform",
    "pk": 20,
    "fields": {
      "name": "Abubakar",
      "email": "medart402@gmail.com",
      "subject": "Just Testing",
      "message": "This is testing phase"
    }
  },
  {
    "model": "home.contactform",
    "pk": 21,
    "fields": {
      "name": "Abubakar",
      "email": "medart402@gmail.com",
      "subject": "Just Testing",
      "message": "This is testing phase"
    }
  },
  {
    "model": "home.contactform",
    "pk": 22,
    "fields": {
      "name": "Abubakar",
      "email": "medart402@gmail.com",
      "subject": "Just Testing",
      "message": "This is testing phase"
    }
  },
  {
    "model": "home.contactbackimage",
    "pk": 1,
    "fields": {
      "image": "images/contact-bg.png"
    }
  },
  {
    "model": "home.newbacksimage",
    "pk": 2,
    "fields": {
      "image": "images/news-bg.png"
    }
  },
  {
    "model": "home.catag",
    "pk": 1,
    "fields": {
      "cat_name": "Radiology"
    }
  },
  {
    "model": "home.catag",
    "pk": 2,
    "fields": {
      "cat_name": "Cardiology"
    }
  },
  {
    "model": "home.catag",
    "pk": 3,
    "fields": {
      "cat_name": "Gastroenterology"
    }
  },
  {
    "model": "home.catag",
    "pk": 4,
    "fields": {
      "cat_name": "Neurology"
    }
  },
  {
    "model": "home.catag",
    "pk": 5,
    "fields": {
      "cat_name": "General surgery"
    }
  },
  {
    "model": "home.latestpost",
    "pk": 1,
    "fields": {
      "image": "images/p-1.jpg",
      "description": "A big discovery for medicine worldwide",
      "date": "Feb 05, 2018"
    }
  },
  {
    "model": "home.latestpost",
    "pk": 2,
    "fields": {
      "image": "images/p-2.jpg",
      "description": "Dentistry for everybody under 18",
      "date": "Feb 05, 2018"
    }
  },
  {
    "model": "home.latestpost",
    "pk": 3,
    "fields": {
      "image": "images/p-3.jpg",
      "description": "When it\u2019s time to take pills",
      "date": "Feb 05, 2018"
    }
  },
  {
    "model": "home.elementsbackimage",
    "pk": 1,
    "fields": {
      "image": "images/elements-bg_c8bxdAu.png"
    }
  },
  {
    "model": "home.elementacctab",
    "pk": 1,
    "fields": {
      "title": "Elit mir congue ligula et efficitur pellentesqu",
      "description": "Lorem ipsum dolor sit amet, consectetur adipiscing elit. Donec malesuada lorem maximus mauris. Lorem ipsum dolor sit amet, consectetur adipiscing elit. Donec malesuada lorem maximus mauris."
    }
  },
  {
    "model": "home.elementacctab",
    "pk": 2,
    "fields": {
      "title": "Pulvinar elit mi. Integer congue ligula et efficitur",
      "description": "Lorem ipsum dolor sit amet, consectetur adipiscing elit. Donec malesuada lorem maximus mauris. Lorem ipsum dolor sit amet, consectetur adipiscing elit. Donec malesuada lorem maximus mauris."
    }
  },
  {
    "model": "home.elementacctab",
    "pk": 3,
    "fields": {
      "title": "Pellentesque pulvinar elit mi. Integer congue",
      "description": "Lorem ipsum dolor sit amet, consectetur adipiscing elit. Donec malesuada lorem maximus mauris. Lorem ipsum dolor sit amet, consectetur adipiscing elit. Donec malesuada lorem maximus mauris."
    }
  },
  {
    "model": "home.elementloader",
    "pk": 1,
    "fields": {
      "title": "Donation",
      "description": "Dolor sit amet"
    }
  },
  {
    "model": "home.elementloader",
    "pk": 6,
    "fields": {
      "title": "Ambition",
      "description": "Sit amet, consecte"
    }
  },
  {
    "model": "home.elementloader",
    "pk": 7,
    "fields": {
      "title": "Good Luck",
      "description": "Dolor sit amet"
    }
  },
  {
    "model": "home.elementloader",
    "pk": 8,
    "fields": {
      "title": "High Tech",
      "description": "Sit amet, consecte"
    }
  },
  {
    "model": "home.iconboxes",
    "pk": 1,
    "fields": {
      "name": "Cardiology",
      "image": "images/heart-beat.png",
      "description": "Lorem ipsum dolor sit amet, consectetur adipiscing elit. Donec malesuada lorem maximus mauris."
    }
  },
  {
    "model": "home.iconboxes",
    "pk": 2,
    "fields": {
      "name": "Gastroenterology",
      "image": "images/stomach.png",
      "description": "Donec malesuada lorem maximus mauris scelerisque, at rutrum nulla dictum. Ut ac ligula sapien."
    }
  },
  {
    "model": "home.iconboxes",
    "pk": 3,
    "fields": {
      "name": "Medical Lab",
      "image": "images/blood-sample.png",
      "description": "Lorem maximus mauris scelerisque, at rutrum nulla dictum. Ut ac ligula sapien. Suspendisse cursus."
    }
  },
  {
    "model": "auth.user",
    "pk": 1,
    "fields": {
      "password": "pbkdf2_sha256$150000$R5P24UpPPGV3$+O4T4BvucM0VPvkV+qi+AV94mIQkzoakZsvh9US8ZBA=",
      "last_login": "2019-04-23T06:11:07.139Z",
      "is_superuser": true,
      "username": "muqtasidkhokhar",
      "first_name": "",
      "last_name": "",
      "email": "muqtasidjavaidkhokhar@gmail.com",
      "is_staff": true,
      "is_active": true,
      "date_joined": "2019-04-18T05:42:08.757Z",
      "groups": [],
      "user_permissions": []
    }
  },
  {
    "model": "sessions.session",
    "pk": "c673ttw8rtvo2tolls706l7lml6rck7v",
    "fields": {
      "session_data": "YjBjNDEwOWQ4MWMyYmJmNzA4OTc3YTExZmE4NjI4NjIzOTYyOGQxYTp7Il9hdXRoX3VzZXJfaWQiOiIxIiwiX2F1dGhfdXNlcl9iYWNrZW5kIjoiZGphbmdvLmNvbnRyaWIuYXV0aC5iYWNrZW5kcy5Nb2RlbEJhY2tlbmQiLCJfYXV0aF91c2VyX2hhc2giOiIzOWI0N2ZiMTEwMGViOGEwNDU4ZDFmMjk4YWJjN2QxZmU5NWRmZmQzIn0=",
      "expire_date": "2019-05-07T06:11:07.147Z"
    }
  },
  {
    "model": "sessions.session",
    "pk": "ydb3ymk5yuiy4vbkcu5zgbq7nt2usxjs",
    "fields": {
      "session_data": "YjBjNDEwOWQ4MWMyYmJmNzA4OTc3YTExZmE4NjI4NjIzOTYyOGQxYTp7Il9hdXRoX3VzZXJfaWQiOiIxIiwiX2F1dGhfdXNlcl9iYWNrZW5kIjoiZGphbmdvLmNvbnRyaWIuYXV0aC5iYWNrZW5kcy5Nb2RlbEJhY2tlbmQiLCJfYXV0aF91c2VyX2hhc2giOiIzOWI0N2ZiMTEwMGViOGEwNDU4ZDFmMjk4YWJjN2QxZmU5NWRmZmQzIn0=",
      "expire_date": "2019-05-02T05:58:17.696Z"
    }
  },
  {
    "model": "admin.logentry",
    "pk": 1,
    "fields": {
      "action_time": "2019-04-18T06:07:26.193Z",
      "user": 1,
      "content_type": 11,
      "object_id": "1",
      "object_repr": "Medical Services",
      "action_flag": 1,
      "change_message": "[{\"added\": {}}]"
    }
  },
  {
    "model": "admin.logentry",
    "pk": 2,
    "fields": {
      "action_time": "2019-04-18T06:08:07.639Z",
      "user": 1,
      "content_type": 11,
      "object_id": "2",
      "object_repr": "Medical Services",
      "action_flag": 1,
      "change_message": "[{\"added\": {}}]"
    }
  },
  {
    "model": "admin.logentry",
    "pk": 3,
    "fields": {
      "action_time": "2019-04-18T06:08:19.410Z",
      "user": 1,
      "content_type": 11,
      "object_id": "3",
      "object_repr": "Medical Services",
      "action_flag": 1,
      "change_message": "[{\"added\": {}}]"
    }
  },
  {
    "model": "admin.logentry",
    "pk": 4,
    "fields": {
      "action_time": "2019-04-18T06:10:59.268Z",
      "user": 1,
      "content_type": 13,
      "object_id": "1",
      "object_repr": "Monday - Thursday",
      "action_flag": 1,
      "change_message": "[{\"added\": {}}]"
    }
  },
  {
    "model": "admin.logentry",
    "pk": 5,
    "fields": {
      "action_time": "2019-04-18T06:11:24.195Z",
      "user": 1,
      "content_type": 13,
      "object_id": "2",
      "object_repr": "Friday",
      "action_flag": 1,
      "change_message": "[{\"added\": {}}]"
    }
  },
  {
    "model": "admin.logentry",
    "pk": 6,
    "fields": {
      "action_time": "2019-04-18T06:11:44.502Z",
      "user": 1,
      "content_type": 13,
      "object_id": "3",
      "object_repr": "Saturday",
      "action_flag": 1,
      "change_message": "[{\"added\": {}}]"
    }
  },
  {
    "model": "admin.logentry",
    "pk": 7,
    "fields": {
      "action_time": "2019-04-18T06:12:00.291Z",
      "user": 1,
      "content_type": 13,
      "object_id": "4",
      "object_repr": "Sunday",
      "action_flag": 1,
      "change_message": "[{\"added\": {}}]"
    }
  },
  {
    "model": "admin.logentry",
    "pk": 8,
    "fields": {
      "action_time": "2019-04-18T06:12:48.782Z",
      "user": 1,
      "content_type": 9,
      "object_id": "1",
      "object_repr": "+34 586 778 8892",
      "action_flag": 1,
      "change_message": "[{\"added\": {}}]"
    }
  },
  {
    "model": "admin.logentry",
    "pk": 9,
    "fields": {
      "action_time": "2019-04-18T06:14:00.591Z",
      "user": 1,
      "content_type": 7,
      "object_id": "1",
      "object_repr": "Cardiology",
      "action_flag": 1,
      "change_message": "[{\"added\": {}}]"
    }
  },
  {
    "model": "admin.logentry",
    "pk": 10,
    "fields": {
      "action_time": "2019-04-18T06:14:05.207Z",
      "user": 1,
      "content_type": 7,
      "object_id": "2",
      "object_repr": "Dental Care",
      "action_flag": 1,
      "change_message": "[{\"added\": {}}]"
    }
  },
  {
    "model": "admin.logentry",
    "pk": 11,
    "fields": {
      "action_time": "2019-04-18T06:14:09.450Z",
      "user": 1,
      "content_type": 7,
      "object_id": "3",
      "object_repr": "Gastroenterology",
      "action_flag": 1,
      "change_message": "[{\"added\": {}}]"
    }
  },
  {
    "model": "admin.logentry",
    "pk": 12,
    "fields": {
      "action_time": "2019-04-18T06:14:13.985Z",
      "user": 1,
      "content_type": 7,
      "object_id": "4",
      "object_repr": "Medical Lab",
      "action_flag": 1,
      "change_message": "[{\"added\": {}}]"
    }
  },
  {
    "model": "admin.logentry",
    "pk": 13,
    "fields": {
      "action_time": "2019-04-18T06:14:19.441Z",
      "user": 1,
      "content_type": 7,
      "object_id": "5",
      "object_repr": "Neurology",
      "action_flag": 1,
      "change_message": "[{\"added\": {}}]"
    }
  },
  {
    "model": "admin.logentry",
    "pk": 14,
    "fields": {
      "action_time": "2019-04-18T06:14:23.758Z",
      "user": 1,
      "content_type": 7,
      "object_id": "6",
      "object_repr": "Ophthalmology",
      "action_flag": 1,
      "change_message": "[{\"added\": {}}]"
    }
  },
  {
    "model": "admin.logentry",
    "pk": 15,
    "fields": {
      "action_time": "2019-04-18T06:15:59.315Z",
      "user": 1,
      "content_type": 8,
      "object_id": "1",
      "object_repr": "Christinne Smith",
      "action_flag": 1,
      "change_message": "[{\"added\": {}}]"
    }
  },
  {
    "model": "admin.logentry",
    "pk": 16,
    "fields": {
      "action_time": "2019-04-18T06:16:02.855Z",
      "user": 1,
      "content_type": 8,
      "object_id": "2",
      "object_repr": "Dr. Anna Gustav",
      "action_flag": 1,
      "change_message": "[{\"added\": {}}]"
    }
  },
  {
    "model": "admin.logentry",
    "pk": 17,
    "fields": {
      "action_time": "2019-04-18T06:16:08.142Z",
      "user": 1,
      "content_type": 8,
      "object_id": "3",
      "object_repr": "Dr. Christinne Smith",
      "action_flag": 1,
      "change_message": "[{\"added\": {}}]"
    }
  },
  {
    "model": "admin.logentry",
    "pk": 18,
    "fields": {
      "action_time": "2019-04-18T06:16:18.695Z",
      "user": 1,
      "content_type": 8,
      "object_id": "1",
      "object_repr": "Christinne Smith",
      "action_flag": 3,
      "change_message": ""
    }
  },
  {
    "model": "admin.logentry",
    "pk": 19,
    "fields": {
      "action_time": "2019-04-18T06:16:26.170Z",
      "user": 1,
      "content_type": 8,
      "object_id": "4",
      "object_repr": "Dr. Gina James",
      "action_flag": 1,
      "change_message": "[{\"added\": {}}]"
    }
  },
  {
    "model": "admin.logentry",
    "pk": 20,
    "fields": {
      "action_time": "2019-04-18T06:16:31.665Z",
      "user": 1,
      "content_type": 8,
      "object_id": "5",
      "object_repr": "Dr. Phillip Williams",
      "action_flag": 1,
      "change_message": "[{\"added\": {}}]"
    }
  },
  {
    "model": "admin.logentry",
    "pk": 21,
    "fields": {
      "action_time": "2019-04-18T06:17:44.709Z",
      "user": 1,
      "content_type": 15,
      "object_id": "1",
      "object_repr": "Nina Dobrev",
      "action_flag": 1,
      "change_message": "[{\"added\": {}}]"
    }
  },
  {
    "model": "admin.logentry",
    "pk": 22,
    "fields": {
      "action_time": "2019-04-18T06:23:40.068Z",
      "user": 1,
      "content_type": 14,
      "object_id": "1",
      "object_repr": "Cardiology",
      "action_flag": 1,
      "change_message": "[{\"added\": {}}]"
    }
  },
  {
    "model": "admin.logentry",
    "pk": 23,
    "fields": {
      "action_time": "2019-04-18T06:24:16.270Z",
      "user": 1,
      "content_type": 14,
      "object_id": "2",
      "object_repr": "Gastroenterology",
      "action_flag": 1,
      "change_message": "[{\"added\": {}}]"
    }
  },
  {
    "model": "admin.logentry",
    "pk": 24,
    "fields": {
      "action_time": "2019-04-18T06:24:43.645Z",
      "user": 1,
      "content_type": 14,
      "object_id": "3",
      "object_repr": "Medical Lab",
      "action_flag": 1,
      "change_message": "[{\"added\": {}}]"
    }
  },
  {
    "model": "admin.logentry",
    "pk": 25,
    "fields": {
      "action_time": "2019-04-18T06:25:38.302Z",
      "user": 1,
      "content_type": 14,
      "object_id": "4",
      "object_repr": "Dental Care",
      "action_flag": 1,
      "change_message": "[{\"added\": {}}]"
    }
  },
  {
    "model": "admin.logentry",
    "pk": 26,
    "fields": {
      "action_time": "2019-04-18T06:26:14.249Z",
      "user": 1,
      "content_type": 14,
      "object_id": "5",
      "object_repr": "Surgery",
      "action_flag": 1,
      "change_message": "[{\"added\": {}}]"
    }
  },
  {
    "model": "admin.logentry",
    "pk": 27,
    "fields": {
      "action_time": "2019-04-18T06:26:54.625Z",
      "user": 1,
      "content_type": 14,
      "object_id": "6",
      "object_repr": "Neurology",
      "action_flag": 1,
      "change_message": "[{\"added\": {}}]"
    }
  },
  {
    "model": "admin.logentry",
    "pk": 28,
    "fields": {
      "action_time": "2019-04-18T06:27:14.620Z",
      "user": 1,
      "content_type": 14,
      "object_id": "7",
      "object_repr": "Orthopaedy",
      "action_flag": 1,
      "change_message": "[{\"added\": {}}]"
    }
  },
  {
    "model": "admin.logentry",
    "pk": 29,
    "fields": {
      "action_time": "2019-04-18T06:27:33.431Z",
      "user": 1,
      "content_type": 14,
      "object_id": "8",
      "object_repr": "Pediatry",
      "action_flag": 1,
      "change_message": "[{\"added\": {}}]"
    }
  },
  {
    "model": "admin.logentry",
    "pk": 30,
    "fields": {
      "action_time": "2019-04-18T06:27:57.139Z",
      "user": 1,
      "content_type": 14,
      "object_id": "9",
      "object_repr": "Ophthalmology",
      "action_flag": 1,
      "change_message": "[{\"added\": {}}]"
    }
  },
  {
    "model": "admin.logentry",
    "pk": 31,
    "fields": {
      "action_time": "2019-04-18T06:29:21.135Z",
      "user": 1,
      "content_type": 15,
      "object_id": "2",
      "object_repr": "James Franco",
      "action_flag": 1,
      "change_message": "[{\"added\": {}}]"
    }
  },
  {
    "model": "admin.logentry",
    "pk": 32,
    "fields": {
      "action_time": "2019-04-18T09:52:33.504Z",
      "user": 1,
      "content_type": 18,
      "object_id": "1",
      "object_repr": "AboutBackImage object (1)",
      "action_flag": 1,
      "change_message": "[{\"added\": {}}]"
    }
  },
  {
    "model": "admin.logentry",
    "pk": 33,
    "fields": {
      "action_time": "2019-04-18T09:56:53.891Z",
      "user": 1,
      "content_type": 18,
      "object_id": "1",
      "object_repr": "AboutBackImage object (1)",
      "action_flag": 2,
      "change_message": "[{\"changed\": {\"fields\": [\"image\"]}}]"
    }
  },
  {
    "model": "admin.logentry",
    "pk": 34,
    "fields": {
      "action_time": "2019-04-18T09:58:46.780Z",
      "user": 1,
      "content_type": 18,
      "object_id": "1",
      "object_repr": "AboutBackImage object (1)",
      "action_flag": 2,
      "change_message": "[{\"changed\": {\"fields\": [\"image\"]}}]"
    }
  },
  {
    "model": "admin.logentry",
    "pk": 35,
    "fields": {
      "action_time": "2019-04-18T10:04:12.004Z",
      "user": 1,
      "content_type": 18,
      "object_id": "1",
      "object_repr": "AboutBackImage object (1)",
      "action_flag": 2,
      "change_message": "[{\"changed\": {\"fields\": [\"image\"]}}]"
    }
  },
  {
    "model": "admin.logentry",
    "pk": 36,
    "fields": {
      "action_time": "2019-04-18T10:05:30.250Z",
      "user": 1,
      "content_type": 18,
      "object_id": "1",
      "object_repr": "AboutBackImage object (1)",
      "action_flag": 3,
      "change_message": ""
    }
  },
  {
    "model": "admin.logentry",
    "pk": 37,
    "fields": {
      "action_time": "2019-04-18T10:05:47.349Z",
      "user": 1,
      "content_type": 18,
      "object_id": "2",
      "object_repr": "AboutBackImage object (2)",
      "action_flag": 1,
      "change_message": "[{\"added\": {}}]"
    }
  },
  {
    "model": "admin.logentry",
    "pk": 38,
    "fields": {
      "action_time": "2019-04-18T10:14:54.906Z",
      "user": 1,
      "content_type": 19,
      "object_id": "1",
      "object_repr": "MedArtHistory object (1)",
      "action_flag": 1,
      "change_message": "[{\"added\": {}}]"
    }
  },
  {
    "model": "admin.logentry",
    "pk": 39,
    "fields": {
      "action_time": "2019-04-18T10:27:08.209Z",
      "user": 1,
      "content_type": 18,
      "object_id": "2",
      "object_repr": "AboutBackImage object (2)",
      "action_flag": 2,
      "change_message": "[{\"changed\": {\"fields\": [\"image\"]}}]"
    }
  },
  {
    "model": "admin.logentry",
    "pk": 40,
    "fields": {
      "action_time": "2019-04-18T10:46:55.401Z",
      "user": 1,
      "content_type": 20,
      "object_id": "1",
      "object_repr": "Elit mir congue ligula et efficitur pellentesqu",
      "action_flag": 1,
      "change_message": "[{\"added\": {}}]"
    }
  },
  {
    "model": "admin.logentry",
    "pk": 41,
    "fields": {
      "action_time": "2019-04-18T10:47:20.649Z",
      "user": 1,
      "content_type": 20,
      "object_id": "2",
      "object_repr": "Pulvinar elit mi. Integer congue ligula et efficitur",
      "action_flag": 1,
      "change_message": "[{\"added\": {}}]"
    }
  },
  {
    "model": "admin.logentry",
    "pk": 42,
    "fields": {
      "action_time": "2019-04-18T10:47:37.030Z",
      "user": 1,
      "content_type": 20,
      "object_id": "3",
      "object_repr": "Pellentesque pulvinar elit mi. Integer congue",
      "action_flag": 1,
      "change_message": "[{\"added\": {}}]"
    }
  },
  {
    "model": "admin.logentry",
    "pk": 43,
    "fields": {
      "action_time": "2019-04-18T10:54:20.436Z",
      "user": 1,
      "content_type": 21,
      "object_id": "1",
      "object_repr": "Professional",
      "action_flag": 1,
      "change_message": "[{\"added\": {}}]"
    }
  },
  {
    "model": "admin.logentry",
    "pk": 44,
    "fields": {
      "action_time": "2019-04-18T10:55:19.664Z",
      "user": 1,
      "content_type": 21,
      "object_id": "2",
      "object_repr": "Quality",
      "action_flag": 1,
      "change_message": "[{\"added\": {}}]"
    }
  },
  {
    "model": "admin.logentry",
    "pk": 45,
    "fields": {
      "action_time": "2019-04-18T11:02:37.351Z",
      "user": 1,
      "content_type": 22,
      "object_id": "1",
      "object_repr": "Christinne Smith",
      "action_flag": 1,
      "change_message": "[{\"added\": {}}]"
    }
  },
  {
    "model": "admin.logentry",
    "pk": 46,
    "fields": {
      "action_time": "2019-04-18T11:02:52.431Z",
      "user": 1,
      "content_type": 22,
      "object_id": "2",
      "object_repr": "Anna Gustav",
      "action_flag": 1,
      "change_message": "[{\"added\": {}}]"
    }
  },
  {
    "model": "admin.logentry",
    "pk": 47,
    "fields": {
      "action_time": "2019-04-18T11:03:11.043Z",
      "user": 1,
      "content_type": 22,
      "object_id": "3",
      "object_repr": "Phillip Williams",
      "action_flag": 1,
      "change_message": "[{\"added\": {}}]"
    }
  },
  {
    "model": "admin.logentry",
    "pk": 48,
    "fields": {
      "action_time": "2019-04-18T11:03:27.673Z",
      "user": 1,
      "content_type": 22,
      "object_id": "4",
      "object_repr": "Gina James",
      "action_flag": 1,
      "change_message": "[{\"added\": {}}]"
    }
  },
  {
    "model": "admin.logentry",
    "pk": 49,
    "fields": {
      "action_time": "2019-04-18T11:35:36.700Z",
      "user": 1,
      "content_type": 23,
      "object_id": "1",
      "object_repr": "ServiceBackImage object (1)",
      "action_flag": 1,
      "change_message": "[{\"added\": {}}]"
    }
  },
  {
    "model": "admin.logentry",
    "pk": 50,
    "fields": {
      "action_time": "2019-04-18T12:00:02.399Z",
      "user": 1,
      "content_type": 24,
      "object_id": "1",
      "object_repr": "TopQualityService object (1)",
      "action_flag": 1,
      "change_message": "[{\"added\": {}}]"
    }
  },
  {
    "model": "admin.logentry",
    "pk": 51,
    "fields": {
      "action_time": "2019-04-18T12:00:17.869Z",
      "user": 1,
      "content_type": 24,
      "object_id": "2",
      "object_repr": "TopQualityService object (2)",
      "action_flag": 1,
      "change_message": "[{\"added\": {}}]"
    }
  },
  {
    "model": "admin.logentry",
    "pk": 52,
    "fields": {
      "action_time": "2019-04-18T12:15:44.214Z",
      "user": 1,
      "content_type": 25,
      "object_id": "1",
      "object_repr": "Pellentesque pulvinar",
      "action_flag": 1,
      "change_message": "[{\"added\": {}}]"
    }
  },
  {
    "model": "admin.logentry",
    "pk": 53,
    "fields": {
      "action_time": "2019-04-18T12:20:58.939Z",
      "user": 1,
      "content_type": 25,
      "object_id": "2",
      "object_repr": "Pellentesque lacinia",
      "action_flag": 1,
      "change_message": "[{\"added\": {}}]"
    }
  },
  {
    "model": "admin.logentry",
    "pk": 54,
    "fields": {
      "action_time": "2019-04-18T12:51:25.987Z",
      "user": 1,
      "content_type": 25,
      "object_id": "1",
      "object_repr": "Scelerisque, at rutrum nulla dictum. Ut ac ligula sapien.",
      "action_flag": 1,
      "change_message": "[{\"added\": {}}]"
    }
  },
  {
    "model": "admin.logentry",
    "pk": 55,
    "fields": {
      "action_time": "2019-04-18T12:52:16.989Z",
      "user": 1,
      "content_type": 25,
      "object_id": "2",
      "object_repr": "Pellentesque lacinia",
      "action_flag": 1,
      "change_message": "[{\"added\": {}}]"
    }
  },
  {
    "model": "admin.logentry",
    "pk": 56,
    "fields": {
      "action_time": "2019-04-18T12:55:06.427Z",
      "user": 1,
      "content_type": 25,
      "object_id": "1",
      "object_repr": "Scelerisque, at rutrum nulla dictum. Ut ac ligula sapien.",
      "action_flag": 3,
      "change_message": ""
    }
  },
  {
    "model": "admin.logentry",
    "pk": 57,
    "fields": {
      "action_time": "2019-04-18T13:01:37.892Z",
      "user": 1,
      "content_type": 25,
      "object_id": "2",
      "object_repr": "Pellentesque lacinia",
      "action_flag": 3,
      "change_message": ""
    }
  },
  {
    "model": "admin.logentry",
    "pk": 58,
    "fields": {
      "action_time": "2019-04-18T13:02:34.238Z",
      "user": 1,
      "content_type": 25,
      "object_id": "3",
      "object_repr": "Scelerisque, at rutrum nulla dictum. Ut ac ligula sapien.",
      "action_flag": 1,
      "change_message": "[{\"added\": {}}]"
    }
  },
  {
    "model": "admin.logentry",
    "pk": 59,
    "fields": {
      "action_time": "2019-04-18T13:03:03.832Z",
      "user": 1,
      "content_type": 25,
      "object_id": "4",
      "object_repr": "Scelerisque, at rutrum nulla dictum. Ut ac ligula sapien.",
      "action_flag": 1,
      "change_message": "[{\"added\": {}}]"
    }
  },
  {
    "model": "admin.logentry",
    "pk": 60,
    "fields": {
      "action_time": "2019-04-18T13:11:01.398Z",
      "user": 1,
      "content_type": 25,
      "object_id": "5",
      "object_repr": "Gastroenterology",
      "action_flag": 1,
      "change_message": "[{\"added\": {}}]"
    }
  },
  {
    "model": "admin.logentry",
    "pk": 61,
    "fields": {
      "action_time": "2019-04-18T13:13:53.627Z",
      "user": 1,
      "content_type": 25,
      "object_id": "5",
      "object_repr": "Gastroenterology",
      "action_flag": 3,
      "change_message": ""
    }
  },
  {
    "model": "admin.logentry",
    "pk": 62,
    "fields": {
      "action_time": "2019-04-18T13:13:53.636Z",
      "user": 1,
      "content_type": 25,
      "object_id": "4",
      "object_repr": "Scelerisque, at rutrum nulla dictum. Ut ac ligula sapien.",
      "action_flag": 3,
      "change_message": ""
    }
  },
  {
    "model": "admin.logentry",
    "pk": 63,
    "fields": {
      "action_time": "2019-04-18T13:13:53.642Z",
      "user": 1,
      "content_type": 25,
      "object_id": "3",
      "object_repr": "Scelerisque, at rutrum nulla dictum. Ut ac ligula sapien.",
      "action_flag": 3,
      "change_message": ""
    }
  },
  {
    "model": "admin.logentry",
    "pk": 64,
    "fields": {
      "action_time": "2019-04-18T13:18:11.601Z",
      "user": 1,
      "content_type": 25,
      "object_id": "1",
      "object_repr": "Pellentesque pulvinar",
      "action_flag": 1,
      "change_message": "[{\"added\": {}}]"
    }
  },
  {
    "model": "admin.logentry",
    "pk": 65,
    "fields": {
      "action_time": "2019-04-18T13:19:08.241Z",
      "user": 1,
      "content_type": 25,
      "object_id": "2",
      "object_repr": "Pellentesque lacinia",
      "action_flag": 1,
      "change_message": "[{\"added\": {}}]"
    }
  },
  {
    "model": "admin.logentry",
    "pk": 66,
    "fields": {
      "action_time": "2019-04-18T13:19:59.772Z",
      "user": 1,
      "content_type": 25,
      "object_id": "3",
      "object_repr": "Consectetur diam",
      "action_flag": 1,
      "change_message": "[{\"added\": {}}]"
    }
  },
  {
    "model": "admin.logentry",
    "pk": 67,
    "fields": {
      "action_time": "2019-04-18T13:20:58.456Z",
      "user": 1,
      "content_type": 25,
      "object_id": "4",
      "object_repr": "CMauris tortor",
      "action_flag": 1,
      "change_message": "[{\"added\": {}}]"
    }
  },
  {
    "model": "admin.logentry",
    "pk": 68,
    "fields": {
      "action_time": "2019-04-18T13:21:22.232Z",
      "user": 1,
      "content_type": 25,
      "object_id": "5",
      "object_repr": "Phasellus sit amet",
      "action_flag": 1,
      "change_message": "[{\"added\": {}}]"
    }
  },
  {
    "model": "admin.logentry",
    "pk": 69,
    "fields": {
      "action_time": "2019-04-18T14:46:48.231Z",
      "user": 1,
      "content_type": 26,
      "object_id": "1",
      "object_repr": "yourmail@gmail.com",
      "action_flag": 1,
      "change_message": "[{\"added\": {}}]"
    }
  },
  {
    "model": "admin.logentry",
    "pk": 70,
    "fields": {
      "action_time": "2019-04-18T17:43:35.087Z",
      "user": 1,
      "content_type": 28,
      "object_id": "1",
      "object_repr": "ContactBackImage object (1)",
      "action_flag": 1,
      "change_message": "[{\"added\": {}}]"
    }
  },
  {
    "model": "admin.logentry",
    "pk": 71,
    "fields": {
      "action_time": "2019-04-18T18:27:57.033Z",
      "user": 1,
      "content_type": 29,
      "object_id": "1",
      "object_repr": "NewBacksImage object (1)",
      "action_flag": 1,
      "change_message": "[{\"added\": {}}]"
    }
  },
  {
    "model": "admin.logentry",
    "pk": 72,
    "fields": {
      "action_time": "2019-04-18T18:28:26.125Z",
      "user": 1,
      "content_type": 29,
      "object_id": "1",
      "object_repr": "NewBacksImage object (1)",
      "action_flag": 3,
      "change_message": ""
    }
  },
  {
    "model": "admin.logentry",
    "pk": 73,
    "fields": {
      "action_time": "2019-04-18T18:28:43.399Z",
      "user": 1,
      "content_type": 29,
      "object_id": "2",
      "object_repr": "NewBacksImage object (2)",
      "action_flag": 1,
      "change_message": "[{\"added\": {}}]"
    }
  },
  {
    "model": "admin.logentry",
    "pk": 74,
    "fields": {
      "action_time": "2019-04-18T19:00:01.723Z",
      "user": 1,
      "content_type": 16,
      "object_id": "1",
      "object_repr": "The latest in Medicine",
      "action_flag": 1,
      "change_message": "[{\"added\": {}}]"
    }
  },
  {
    "model": "admin.logentry",
    "pk": 75,
    "fields": {
      "action_time": "2019-04-18T19:00:52.050Z",
      "user": 1,
      "content_type": 16,
      "object_id": "2",
      "object_repr": "All you need to know about pills",
      "action_flag": 1,
      "change_message": "[{\"added\": {}}]"
    }
  },
  {
    "model": "admin.logentry",
    "pk": 76,
    "fields": {
      "action_time": "2019-04-18T19:01:43.038Z",
      "user": 1,
      "content_type": 16,
      "object_id": "3",
      "object_repr": "Marketing and Medicine",
      "action_flag": 1,
      "change_message": "[{\"added\": {}}]"
    }
  },
  {
    "model": "admin.logentry",
    "pk": 77,
    "fields": {
      "action_time": "2019-04-18T19:35:30.707Z",
      "user": 1,
      "content_type": 30,
      "object_id": "1",
      "object_repr": "Radiology",
      "action_flag": 1,
      "change_message": "[{\"added\": {}}]"
    }
  },
  {
    "model": "admin.logentry",
    "pk": 78,
    "fields": {
      "action_time": "2019-04-18T19:35:41.827Z",
      "user": 1,
      "content_type": 30,
      "object_id": "2",
      "object_repr": "Cardiology",
      "action_flag": 1,
      "change_message": "[{\"added\": {}}]"
    }
  },
  {
    "model": "admin.logentry",
    "pk": 79,
    "fields": {
      "action_time": "2019-04-18T19:35:57.490Z",
      "user": 1,
      "content_type": 30,
      "object_id": "3",
      "object_repr": "Gastroenterology",
      "action_flag": 1,
      "change_message": "[{\"added\": {}}]"
    }
  },
  {
    "model": "admin.logentry",
    "pk": 80,
    "fields": {
      "action_time": "2019-04-18T19:36:08Z",
      "user": 1,
      "content_type": 30,
      "object_id": "4",
      "object_repr": "Neurology",
      "action_flag": 1,
      "change_message": "[{\"added\": {}}]"
    }
  },
  {
    "model": "admin.logentry",
    "pk": 81,
    "fields": {
      "action_time": "2019-04-18T19:36:18.352Z",
      "user": 1,
      "content_type": 30,
      "object_id": "5",
      "object_repr": "General surgery",
      "action_flag": 1,
      "change_message": "[{\"added\": {}}]"
    }
  },
  {
    "model": "admin.logentry",
    "pk": 82,
    "fields": {
      "action_time": "2019-04-18T19:49:50.096Z",
      "user": 1,
      "content_type": 31,
      "object_id": "1",
      "object_repr": "A big discovery for medicine worldwide",
      "action_flag": 1,
      "change_message": "[{\"added\": {}}]"
    }
  },
  {
    "model": "admin.logentry",
    "pk": 83,
    "fields": {
      "action_time": "2019-04-18T19:50:18.998Z",
      "user": 1,
      "content_type": 31,
      "object_id": "2",
      "object_repr": "Dentistry for everybody under 18",
      "action_flag": 1,
      "change_message": "[{\"added\": {}}]"
    }
  },
  {
    "model": "admin.logentry",
    "pk": 84,
    "fields": {
      "action_time": "2019-04-18T19:50:43.794Z",
      "user": 1,
      "content_type": 31,
      "object_id": "3",
      "object_repr": "When it\u2019s time to take pills",
      "action_flag": 1,
      "change_message": "[{\"added\": {}}]"
    }
  },
  {
    "model": "admin.logentry",
    "pk": 85,
    "fields": {
      "action_time": "2019-04-19T05:26:20.467Z",
      "user": 1,
      "content_type": 32,
      "object_id": "1",
      "object_repr": "ElementsBackImage object (1)",
      "action_flag": 1,
      "change_message": "[{\"added\": {}}]"
    }
  },
  {
    "model": "admin.logentry",
    "pk": 86,
    "fields": {
      "action_time": "2019-04-19T05:36:27.080Z",
      "user": 1,
      "content_type": 33,
      "object_id": "1",
      "object_repr": "ElementAccTab object (1)",
      "action_flag": 1,
      "change_message": "[{\"added\": {}}]"
    }
  },
  {
    "model": "admin.logentry",
    "pk": 87,
    "fields": {
      "action_time": "2019-04-19T05:36:55.343Z",
      "user": 1,
      "content_type": 33,
      "object_id": "2",
      "object_repr": "ElementAccTab object (2)",
      "action_flag": 1,
      "change_message": "[{\"added\": {}}]"
    }
  },
  {
    "model": "admin.logentry",
    "pk": 88,
    "fields": {
      "action_time": "2019-04-19T05:37:21.707Z",
      "user": 1,
      "content_type": 33,
      "object_id": "3",
      "object_repr": "ElementAccTab object (3)",
      "action_flag": 1,
      "change_message": "[{\"added\": {}}]"
    }
  },
  {
    "model": "admin.logentry",
    "pk": 89,
    "fields": {
      "action_time": "2019-04-19T06:13:07.609Z",
      "user": 1,
      "content_type": 34,
      "object_id": "1",
      "object_repr": "ElementLoader object (1)",
      "action_flag": 1,
      "change_message": "[{\"added\": {}}]"
    }
  },
  {
    "model": "admin.logentry",
    "pk": 90,
    "fields": {
      "action_time": "2019-04-19T06:13:29.297Z",
      "user": 1,
      "content_type": 34,
      "object_id": "2",
      "object_repr": "ElementLoader object (2)",
      "action_flag": 1,
      "change_message": "[{\"added\": {}}]"
    }
  },
  {
    "model": "admin.logentry",
    "pk": 91,
    "fields": {
      "action_time": "2019-04-19T06:13:42.213Z",
      "user": 1,
      "content_type": 34,
      "object_id": "3",
      "object_repr": "ElementLoader object (3)",
      "action_flag": 1,
      "change_message": "[{\"added\": {}}]"
    }
  },
  {
    "model": "admin.logentry",
    "pk": 92,
    "fields": {
      "action_time": "2019-04-19T06:13:54.375Z",
      "user": 1,
      "content_type": 34,
      "object_id": "4",
      "object_repr": "ElementLoader object (4)",
      "action_flag": 1,
      "change_message": "[{\"added\": {}}]"
    }
  },
  {
    "model": "admin.logentry",
    "pk": 93,
    "fields": {
      "action_time": "2019-04-19T06:14:07.235Z",
      "user": 1,
      "content_type": 34,
      "object_id": "5",
      "object_repr": "ElementLoader object (5)",
      "action_flag": 1,
      "change_message": "[{\"added\": {}}]"
    }
  },
  {
    "model": "admin.logentry",
    "pk": 94,
    "fields": {
      "action_time": "2019-04-19T06:21:40.964Z",
      "user": 1,
      "content_type": 34,
      "object_id": "5",
      "object_repr": "ElementLoader object (5)",
      "action_flag": 3,
      "change_message": ""
    }
  },
  {
    "model": "admin.logentry",
    "pk": 95,
    "fields": {
      "action_time": "2019-04-19T06:21:40.971Z",
      "user": 1,
      "content_type": 34,
      "object_id": "4",
      "object_repr": "ElementLoader object (4)",
      "action_flag": 3,
      "change_message": ""
    }
  },
  {
    "model": "admin.logentry",
    "pk": 96,
    "fields": {
      "action_time": "2019-04-19T06:21:40.978Z",
      "user": 1,
      "content_type": 34,
      "object_id": "3",
      "object_repr": "ElementLoader object (3)",
      "action_flag": 3,
      "change_message": ""
    }
  },
  {
    "model": "admin.logentry",
    "pk": 97,
    "fields": {
      "action_time": "2019-04-19T06:21:40.984Z",
      "user": 1,
      "content_type": 34,
      "object_id": "2",
      "object_repr": "ElementLoader object (2)",
      "action_flag": 3,
      "change_message": ""
    }
  },
  {
    "model": "admin.logentry",
    "pk": 98,
    "fields": {
      "action_time": "2019-04-19T06:23:29.478Z",
      "user": 1,
      "content_type": 34,
      "object_id": "6",
      "object_repr": "ElementLoader object (6)",
      "action_flag": 1,
      "change_message": "[{\"added\": {}}]"
    }
  },
  {
    "model": "admin.logentry",
    "pk": 99,
    "fields": {
      "action_time": "2019-04-19T06:24:58.861Z",
      "user": 1,
      "content_type": 34,
      "object_id": "7",
      "object_repr": "ElementLoader object (7)",
      "action_flag": 1,
      "change_message": "[{\"added\": {}}]"
    }
  },
  {
    "model": "admin.logentry",
    "pk": 100,
    "fields": {
      "action_time": "2019-04-19T06:25:31.048Z",
      "user": 1,
      "content_type": 34,
      "object_id": "8",
      "object_repr": "ElementLoader object (8)",
      "action_flag": 1,
      "change_message": "[{\"added\": {}}]"
    }
  },
  {
    "model": "admin.logentry",
    "pk": 101,
    "fields": {
      "action_time": "2019-04-19T06:44:26.807Z",
      "user": 1,
      "content_type": 35,
      "object_id": "1",
      "object_repr": "IconBoxes object (1)",
      "action_flag": 1,
      "change_message": "[{\"added\": {}}]"
    }
  },
  {
    "model": "admin.logentry",
    "pk": 102,
    "fields": {
      "action_time": "2019-04-19T06:44:56.401Z",
      "user": 1,
      "content_type": 35,
      "object_id": "2",
      "object_repr": "IconBoxes object (2)",
      "action_flag": 1,
      "change_message": "[{\"added\": {}}]"
    }
  },
  {
    "model": "admin.logentry",
    "pk": 103,
    "fields": {
      "action_time": "2019-04-19T06:45:22.938Z",
      "user": 1,
      "content_type": 35,
      "object_id": "3",
      "object_repr": "IconBoxes object (3)",
      "action_flag": 1,
      "change_message": "[{\"added\": {}}]"
    }
  },
  {
    "model": "admin.logentry",
    "pk": 104,
    "fields": {
      "action_time": "2019-04-19T06:55:01.509Z",
      "user": 1,
      "content_type": 16,
      "object_id": "4",
      "object_repr": "Marketing and Medicine",
      "action_flag": 1,
      "change_message": "[{\"added\": {}}]"
    }
  },
  {
    "model": "admin.logentry",
    "pk": 105,
    "fields": {
      "action_time": "2019-04-19T07:06:41.901Z",
      "user": 1,
      "content_type": 15,
      "object_id": "2",
      "object_repr": "James Franco",
      "action_flag": 3,
      "change_message": ""
    }
  },
  {
    "model": "admin.logentry",
    "pk": 106,
    "fields": {
      "action_time": "2019-04-19T07:13:11.926Z",
      "user": 1,
      "content_type": 27,
      "object_id": "4",
      "object_repr": "MedArt",
      "action_flag": 3,
      "change_message": ""
    }
  },
  {
    "model": "admin.logentry",
    "pk": 107,
    "fields": {
      "action_time": "2019-04-19T07:13:11.932Z",
      "user": 1,
      "content_type": 27,
      "object_id": "3",
      "object_repr": "Motabar Javaid",
      "action_flag": 3,
      "change_message": ""
    }
  },
  {
    "model": "admin.logentry",
    "pk": 108,
    "fields": {
      "action_time": "2019-04-19T07:13:11.938Z",
      "user": 1,
      "content_type": 27,
      "object_id": "2",
      "object_repr": "sdsdsds",
      "action_flag": 3,
      "change_message": ""
    }
  },
  {
    "model": "admin.logentry",
    "pk": 109,
    "fields": {
      "action_time": "2019-04-19T07:13:11.947Z",
      "user": 1,
      "content_type": 27,
      "object_id": "1",
      "object_repr": "sdsdsds",
      "action_flag": 3,
      "change_message": ""
    }
  },
  {
    "model": "admin.logentry",
    "pk": 110,
    "fields": {
      "action_time": "2019-04-19T07:13:46.144Z",
      "user": 1,
      "content_type": 12,
      "object_id": "3",
      "object_repr": "shah87061@gmail.com",
      "action_flag": 3,
      "change_message": ""
    }
  },
  {
    "model": "admin.logentry",
    "pk": 111,
    "fields": {
      "action_time": "2019-04-19T07:13:46.151Z",
      "user": 1,
      "content_type": 12,
      "object_id": "2",
      "object_repr": "",
      "action_flag": 3,
      "change_message": ""
    }
  },
  {
    "model": "admin.logentry",
    "pk": 112,
    "fields": {
      "action_time": "2019-04-19T07:13:46.158Z",
      "user": 1,
      "content_type": 12,
      "object_id": "1",
      "object_repr": "muqtasidjavaidkhokhar@gmail.com",
      "action_flag": 3,
      "change_message": ""
    }
  },
  {
    "model": "admin.logentry",
    "pk": 113,
    "fields": {
      "action_time": "2019-04-19T07:16:18.509Z",
      "user": 1,
      "content_type": 17,
      "object_id": "2",
      "object_repr": "shaheeen",
      "action_flag": 3,
      "change_message": ""
    }
  },
  {
    "model": "admin.logentry",
    "pk": 114,
    "fields": {
      "action_time": "2019-04-19T07:16:18.517Z",
      "user": 1,
      "content_type": 17,
      "object_id": "1",
      "object_repr": "Ali adil Qureshi",
      "action_flag": 3,
      "change_message": ""
    }
  },
  {
    "model": "admin.logentry",
    "pk": 115,
    "fields": {
      "action_time": "2019-04-19T08:41:46.886Z",
      "user": 1,
      "content_type": 12,
      "object_id": "7",
      "object_repr": "shah87061@gmail.com",
      "action_flag": 3,
      "change_message": ""
    }
  },
  {
    "model": "admin.logentry",
    "pk": 116,
    "fields": {
      "action_time": "2019-04-19T08:41:46.942Z",
      "user": 1,
      "content_type": 12,
      "object_id": "6",
      "object_repr": "",
      "action_flag": 3,
      "change_message": ""
    }
  },
  {
    "model": "admin.logentry",
    "pk": 117,
    "fields": {
      "action_time": "2019-04-19T08:41:46.949Z",
      "user": 1,
      "content_type": 12,
      "object_id": "5",
      "object_repr": "muqtasidjavaidkhokhar@yahoo.com",
      "action_flag": 3,
      "change_message": ""
    }
  },
  {
    "model": "admin.logentry",
    "pk": 118,
    "fields": {
      "action_time": "2019-04-19T08:41:46.955Z",
      "user": 1,
      "content_type": 12,
      "object_id": "4",
      "object_repr": "muqtasidjavaidkhokhar@gmail.com",
      "action_flag": 3,
      "change_message": ""
    }
  },
  {
    "model": "admin.logentry",
    "pk": 119,
    "fields": {
      "action_time": "2019-04-19T09:31:26.672Z",
      "user": 1,
      "content_type": 17,
      "object_id": "6",
      "object_repr": "",
      "action_flag": 3,
      "change_message": ""
    }
  },
  {
    "model": "admin.logentry",
    "pk": 120,
    "fields": {
      "action_time": "2019-04-19T09:31:26.679Z",
      "user": 1,
      "content_type": 17,
      "object_id": "5",
      "object_repr": "",
      "action_flag": 3,
      "change_message": ""
    }
  },
  {
    "model": "admin.logentry",
    "pk": 121,
    "fields": {
      "action_time": "2019-04-19T09:31:26.684Z",
      "user": 1,
      "content_type": 17,
      "object_id": "4",
      "object_repr": "",
      "action_flag": 3,
      "change_message": ""
    }
  },
  {
    "model": "admin.logentry",
    "pk": 122,
    "fields": {
      "action_time": "2019-04-19T09:31:26.690Z",
      "user": 1,
      "content_type": 17,
      "object_id": "3",
      "object_repr": "hhghgh",
      "action_flag": 3,
      "change_message": ""
    }
  },
  {
    "model": "admin.logentry",
    "pk": 123,
    "fields": {
      "action_time": "2019-04-19T15:15:17.009Z",
      "user": 1,
      "content_type": 36,
      "object_id": "1",
      "object_repr": "HeadFoot object (1)",
      "action_flag": 1,
      "change_message": "[{\"added\": {}}]"
    }
  },
  {
    "model": "admin.logentry",
    "pk": 124,
    "fields": {
      "action_time": "2019-04-23T06:11:42.706Z",
      "user": 1,
      "content_type": 36,
      "object_id": "1",
      "object_repr": "Lorem ipsum dolor sit amet, consectetur adipiscing elit. Donec malesuada lorem maximus mauris scelerisque, at rutrum nulla dictum. Ut ac ligula sapien.",
      "action_flag": 3,
      "change_message": ""
    }
  },
  {
    "model": "admin.logentry",
    "pk": 125,
    "fields": {
      "action_time": "2019-04-23T06:44:41.456Z",
      "user": 1,
      "content_type": 16,
      "object_id": "3",
      "object_repr": "Marketing and Medicine",
      "action_flag": 3,
      "change_message": ""
    }
  },
  {
    "model": "admin.logentry",
    "pk": 126,
    "fields": {
      "action_time": "2019-04-23T06:44:58.453Z",
      "user": 1,
      "content_type": 16,
      "object_id": "4",
      "object_repr": "Marketing and Medicine",
      "action_flag": 3,
      "change_message": ""
    }
  },
  {
    "model": "admin.logentry",
    "pk": 127,
    "fields": {
      "action_time": "2019-04-26T09:32:23.444Z",
      "user": 1,
      "content_type": 12,
      "object_id": "14",
      "object_repr": "qwerty@master-mail.net",
      "action_flag": 3,
      "change_message": ""
    }
  },
  {
    "model": "admin.logentry",
    "pk": 128,
    "fields": {
      "action_time": "2019-04-26T09:32:23.501Z",
      "user": 1,
      "content_type": 12,
      "object_id": "13",
      "object_repr": "masekadahe@cloudstat.top",
      "action_flag": 3,
      "change_message": ""
    }
  },
  {
    "model": "admin.logentry",
    "pk": 129,
    "fields": {
      "action_time": "2019-04-26T09:32:23.507Z",
      "user": 1,
      "content_type": 12,
      "object_id": "12",
      "object_repr": "shah870@gmail.com",
      "action_flag": 3,
      "change_message": ""
    }
  },
  {
    "model": "admin.logentry",
    "pk": 130,
    "fields": {
      "action_time": "2019-04-26T09:32:23.513Z",
      "user": 1,
      "content_type": 12,
      "object_id": "11",
      "object_repr": "muqtasid@gmail.com",
      "action_flag": 3,
      "change_message": ""
    }
  },
  {
    "model": "admin.logentry",
    "pk": 131,
    "fields": {
      "action_time": "2019-04-26T09:32:23.520Z",
      "user": 1,
      "content_type": 12,
      "object_id": "10",
      "object_repr": "",
      "action_flag": 3,
      "change_message": ""
    }
  },
  {
    "model": "admin.logentry",
    "pk": 132,
    "fields": {
      "action_time": "2019-04-26T09:32:23.529Z",
      "user": 1,
      "content_type": 12,
      "object_id": "9",
      "object_repr": "muqtasidjavaidkhokhar@yahoo.com",
      "action_flag": 3,
      "change_message": ""
    }
  },
  {
    "model": "admin.logentry",
    "pk": 133,
    "fields": {
      "action_time": "2019-04-26T09:32:23.537Z",
      "user": 1,
      "content_type": 12,
      "object_id": "8",
      "object_repr": "muqtasidjavaidkhokhar@gmail.com",
      "action_flag": 3,
      "change_message": ""
    }
  },
  {
    "model": "admin.logentry",
    "pk": 134,
    "fields": {
      "action_time": "2019-04-26T09:39:38.355Z",
      "user": 1,
      "content_type": 12,
      "object_id": "17",
      "object_repr": "asd@master-mail.net",
      "action_flag": 3,
      "change_message": ""
    }
  },
  {
    "model": "admin.logentry",
    "pk": 135,
    "fields": {
      "action_time": "2019-04-26T09:39:38.419Z",
      "user": 1,
      "content_type": 12,
      "object_id": "16",
      "object_repr": "shah87061@gmail.com",
      "action_flag": 3,
      "change_message": ""
    }
  },
  {
    "model": "admin.logentry",
    "pk": 136,
    "fields": {
      "action_time": "2019-04-26T09:39:38.425Z",
      "user": 1,
      "content_type": 12,
      "object_id": "15",
      "object_repr": "muqtasidjavaidkhokhar@gmail.com",
      "action_flag": 3,
      "change_message": ""
    }
  },
  {
    "model": "admin.logentry",
    "pk": 137,
    "fields": {
      "action_time": "2019-04-26T09:41:33.919Z",
      "user": 1,
      "content_type": 12,
      "object_id": "19",
      "object_repr": "muqtasidjavaidkhokhar@gmail.com",
      "action_flag": 3,
      "change_message": ""
    }
  },
  {
    "model": "admin.logentry",
    "pk": 138,
    "fields": {
      "action_time": "2019-04-26T09:41:33.928Z",
      "user": 1,
      "content_type": 12,
      "object_id": "18",
      "object_repr": "shah87061@gmail.com",
      "action_flag": 3,
      "change_message": ""
    }
  },
  {
    "model": "admin.logentry",
    "pk": 139,
    "fields": {
      "action_time": "2019-04-26T09:44:16.629Z",
      "user": 1,
      "content_type": 12,
      "object_id": "20",
      "object_repr": "muqtasidjavaidkhokhar@gmail.com",
      "action_flag": 3,
      "change_message": ""
    }
  },
  {
    "model": "admin.logentry",
    "pk": 140,
    "fields": {
      "action_time": "2019-04-26T09:48:16.950Z",
      "user": 1,
      "content_type": 27,
      "object_id": "11",
      "object_repr": "",
      "action_flag": 3,
      "change_message": ""
    }
  },
  {
    "model": "admin.logentry",
    "pk": 141,
    "fields": {
      "action_time": "2019-04-26T09:48:16.959Z",
      "user": 1,
      "content_type": 27,
      "object_id": "10",
      "object_repr": "Muqtasid Javaid Khokhar",
      "action_flag": 3,
      "change_message": ""
    }
  },
  {
    "model": "admin.logentry",
    "pk": 142,
    "fields": {
      "action_time": "2019-04-26T09:48:16.966Z",
      "user": 1,
      "content_type": 27,
      "object_id": "9",
      "object_repr": "Muqtasid Javaid Khokhar",
      "action_flag": 3,
      "change_message": ""
    }
  },
  {
    "model": "admin.logentry",
    "pk": 143,
    "fields": {
      "action_time": "2019-04-26T09:48:16.974Z",
      "user": 1,
      "content_type": 27,
      "object_id": "8",
      "object_repr": "erwerfgfgfdsdss",
      "action_flag": 3,
      "change_message": ""
    }
  },
  {
    "model": "admin.logentry",
    "pk": 144,
    "fields": {
      "action_time": "2019-04-26T09:48:16.981Z",
      "user": 1,
      "content_type": 27,
      "object_id": "7",
      "object_repr": "erwerfgfgfdsdss",
      "action_flag": 3,
      "change_message": ""
    }
  },
  {
    "model": "admin.logentry",
    "pk": 145,
    "fields": {
      "action_time": "2019-04-26T09:48:16.986Z",
      "user": 1,
      "content_type": 27,
      "object_id": "6",
      "object_repr": "sdsd",
      "action_flag": 3,
      "change_message": ""
    }
  },
  {
    "model": "admin.logentry",
    "pk": 146,
    "fields": {
      "action_time": "2019-04-26T09:48:16.991Z",
      "user": 1,
      "content_type": 27,
      "object_id": "5",
      "object_repr": "fgfgf",
      "action_flag": 3,
      "change_message": ""
    }
  },
  {
    "model": "admin.logentry",
    "pk": 147,
    "fields": {
      "action_time": "2019-04-26T10:04:48.276Z",
      "user": 1,
      "content_type": 12,
      "object_id": "21",
      "object_repr": "muqtasidjavaidkhokhar@gmail.com",
      "action_flag": 3,
      "change_message": ""
    }
  },
  {
    "model": "admin.logentry",
    "pk": 148,
    "fields": {
      "action_time": "2019-05-03T07:19:06.470Z",
      "user": 1,
      "content_type": 12,
      "object_id": "25",
      "object_repr": "samuyu@simpleemail.info",
      "action_flag": 3,
      "change_message": ""
    }
  },
  {
    "model": "admin.logentry",
    "pk": 149,
    "fields": {
      "action_time": "2019-05-03T07:19:06.478Z",
      "user": 1,
      "content_type": 12,
      "object_id": "24",
      "object_repr": "medart402@gmail.com",
      "action_flag": 3,
      "change_message": ""
    }
  },
  {
    "model": "admin.logentry",
    "pk": 150,
    "fields": {
      "action_time": "2019-05-03T07:19:06.485Z",
      "user": 1,
      "content_type": 12,
      "object_id": "23",
      "object_repr": "masekadahe@cloudstat.top",
      "action_flag": 3,
      "change_message": ""
    }
  },
  {
    "model": "admin.logentry",
    "pk": 151,
    "fields": {
      "action_time": "2019-05-03T07:19:06.492Z",
      "user": 1,
      "content_type": 12,
      "object_id": "22",
      "object_repr": "muqtasidjavaidkhokhar@gmail.com",
      "action_flag": 3,
      "change_message": ""
    }
  },
  {
    "model": "admin.logentry",
    "pk": 152,
    "fields": {
      "action_time": "2019-05-03T07:19:30.730Z",
      "user": 1,
      "content_type": 27,
      "object_id": "16",
      "object_repr": "Abubakar",
      "action_flag": 3,
      "change_message": ""
    }
  },
  {
    "model": "admin.logentry",
    "pk": 153,
    "fields": {
      "action_time": "2019-05-03T07:19:30.806Z",
      "user": 1,
      "content_type": 27,
      "object_id": "15",
      "object_repr": "Abubakar",
      "action_flag": 3,
      "change_message": ""
    }
  },
  {
    "model": "admin.logentry",
    "pk": 154,
    "fields": {
      "action_time": "2019-05-03T07:19:30.812Z",
      "user": 1,
      "content_type": 27,
      "object_id": "14",
      "object_repr": "Abubakar",
      "action_flag": 3,
      "change_message": ""
    }
  },
  {
    "model": "admin.logentry",
    "pk": 155,
    "fields": {
      "action_time": "2019-05-03T07:19:30.819Z",
      "user": 1,
      "content_type": 27,
      "object_id": "13",
      "object_repr": "Abubakar",
      "action_flag": 3,
      "change_message": ""
    }
  },
  {
    "model": "admin.logentry",
    "pk": 156,
    "fields": {
      "action_time": "2019-05-03T07:19:30.826Z",
      "user": 1,
      "content_type": 27,
      "object_id": "12",
      "object_repr": "Muqtasid Javaid Khokhar",
      "action_flag": 3,
      "change_message": ""
    }
  }
]